Temperature,Pressure,Altitude,Day,Month,Year,Hour,Minute,Second,Latitude,Longitude,Operator Id,Message Counter,Step Counter,Flags,Position Estimation Inertial Magnetic X,Position Estimation Inertial Magnetic Y,Position Estimation Inertial X,Position Estimation Inertial Y,Position Estimation Inertial Z,Altitude Estimation Pressometer,Latitude Estimation GPS,Longitude Estimation GPS,GPS Estimation Quality,North Alignment Angle Inertial Path,Yaw Drift Inertial Path,CRC-CCITT,thesia_string
26.98,101035.74,24.11,16,8,2024,2,17,43,0.0,0.0,0,0,0,0000,0.0,0.0,0.0,0.0,0.0,0.0,0.0,0.0,0,0.0,0.0,0000,000000000000000000000000000000000000000000000000000000000000000000000000
26.98,101035.91,24.09,16,8,2024,2,17,44,0.0,0.0,0,0,0,0000,0.0,0.0,0.0,0.0,0.0,0.0,0.0,0.0,0,0.0,0.0,0000,000000000000000000000000000000000000000000000000000000000000000000000000
26.97,101036.16,24.07,16,8,2024,2,17,45,0.0,0.0,0,0,0,0000,0.0,0.0,0.0,0.0,0.0,0.0,0.0,0.0,0,0.0,0.0,0000,000000000000000000000000000000000000000000000000000000000000000000000000
26.97,101036.66,24.03,16,8,2024,2,17,46,0.0,0.0,0,0,0,0000,0.0,0.0,0.0,0.0,0.0,0.0,0.0,0.0,0,0.0,0.0,0000,000000000000000000000000000000000000000000000000000000000000000000000000
26.97,101036.56,24.04,16,8,2024,2,17,47,0.0,0.0,0,0,0,0000,0.0,0.0,0.0,0.0,0.0,0.0,0.0,0.0,0,0.0,0.0,0000,000000000000000000000000000000000000000000000000000000000000000000000000
26.97,101036.3,24.06,16,8,2024,2,17,48,0.0,0.0,0,0,0,0000,0.0,0.0,0.0,0.0,0.0,0.0,0.0,0.0,0,0.0,0.0,0000,000000000000000000000000000000000000000000000000000000000000000000000000
26.97,101037.0,24.0,16,8,2024,2,17,49,0.0,0.0,0,0,0,0000,0.0,0.0,0.0,0.0,0.0,0.0,0.0,0.0,0,0.0,0.0,0000,000000000000000000000000000000000000000000000000000000000000000000000000
26.98,101037.66,23.95,16,8,2024,2,17,50,0.0,0.0,0,0,0,0000,0.0,0.0,0.0,0.0,0.0,0.0,0.0,0.0,0,0.0,0.0,0000,000000000000000000000000000000000000000000000000000000000000000000000000
26.99,101038.8,23.85,16,8,2024,2,17,51,47.615030999999995,-122.177495,0,0,0,0000,0.0,0.0,0.0,0.0,0.0,0.0,0.0,0.0,0,0.0,0.0,0000,000000000000000000000000000000000000000000000000000000000000000000000000
26.99,101039.45,23.8,16,8,2024,2,17,52,47.615051,-122.17756,0,0,0,0000,0.0,0.0,0.0,0.0,0.0,0.0,0.0,0.0,0,0.0,0.0,0000,000000000000000000000000000000000000000000000000000000000000000000000000
27.0,101040.05,23.75,16,8,2024,2,17,53,47.61506,-122.177624,0,0,0,0000,0.0,0.0,0.0,0.0,0.0,0.0,0.0,0.0,0,0.0,0.0,0000,000000000000000000000000000000000000000000000000000000000000000000000000
27.01,101040.68,23.69,16,8,2024,2,17,54,47.615083999999996,-122.17763,0,0,0,0000,0.0,0.0,0.0,0.0,0.0,0.0,0.0,0.0,0,0.0,0.0,0000,000000000000000000000000000000000000000000000000000000000000000000000000
27.01,101041.0,23.67,16,8,2024,2,17,55,47.615099,-122.17763099999999,0,0,0,0000,0.0,0.0,0.0,0.0,0.0,0.0,0.0,0.0,0,0.0,0.0,0000,000000000000000000000000000000000000000000000000000000000000000000000000
27.02,101041.86,23.6,16,8,2024,2,17,56,47.615109,-122.17763099999999,0,0,0,0000,0.0,0.0,0.0,0.0,0.0,0.0,0.0,0.0,0,0.0,0.0,0000,000000000000000000000000000000000000000000000000000000000000000000000000
27.02,101041.96,23.59,16,8,2024,2,17,57,47.615137999999995,-122.17768199999999,0,0,0,0000,0.0,0.0,0.0,0.0,0.0,0.0,0.0,0.0,0,0.0,0.0,0000,000000000000000000000000000000000000000000000000000000000000000000000000
27.03,101042.56,23.54,16,8,2024,2,17,58,47.615148,-122.177675,0,0,0,0000,0.0,0.0,0.0,0.0,0.0,0.0,0.0,0.0,0,0.0,0.0,0000,000000000000000000000000000000000000000000000000000000000000000000000000
27.04,101042.25,23.56,16,8,2024,2,17,59,47.61515,-122.17766599999999,0,0,0,0000,0.0,0.0,0.0,0.0,0.0,0.0,0.0,0.0,0,0.0,0.0,0000,000000000000000000000000000000000000000000000000000000000000000000000000
27.04,101041.58,23.62,16,8,2024,2,18,0,47.615165999999995,-122.177685,0,0,0,0000,0.0,0.0,0.0,0.0,0.0,0.0,0.0,0.0,0,0.0,0.0,0000,000000000000000000000000000000000000000000000000000000000000000000000000
27.03,101040.63,23.7,16,8,2024,2,18,1,47.615172,-122.177696,0,0,0,0000,0.0,0.0,0.0,0.0,0.0,0.0,0.0,0.0,0,0.0,0.0,0000,000000000000000000000000000000000000000000000000000000000000000000000000
27.03,101039.7,23.78,16,8,2024,2,18,3,47.615175,-122.177695,0,0,0,0000,0.0,0.0,0.0,0.0,0.0,0.0,0.0,0.0,0,0.0,0.0,0000,000000000000000000000000000000000000000000000000000000000000000000000000
27.02,101037.92,23.92,16,8,2024,2,18,4,47.61517,-122.177709,0,0,0,0000,0.0,0.0,0.0,0.0,0.0,0.0,0.0,0.0,0,0.0,0.0,0000,000000000000000000000000000000000000000000000000000000000000000000000000
27.01,101035.22,24.15,16,8,2024,2,18,5,47.615156999999996,-122.177713,0,0,0,0000,0.0,0.0,0.0,0.0,0.0,0.0,0.0,0.0,0,0.0,0.0,0000,000000000000000000000000000000000000000000000000000000000000000000000000
27.0,101031.91,24.43,16,8,2024,2,18,6,47.615148999999995,-122.177706,0,0,0,0000,0.0,0.0,0.0,0.0,0.0,0.0,0.0,0.0,0,0.0,0.0,0000,000000000000000000000000000000000000000000000000000000000000000000000000
26.99,101028.2,24.73,16,8,2024,2,18,7,47.615148,-122.177706,0,0,0,0000,0.0,0.0,0.0,0.0,0.0,0.0,0.0,0.0,0,0.0,0.0,0000,000000000000000000000000000000000000000000000000000000000000000000000000
27.0,101029.06,24.66,16,8,2024,2,18,8,47.615148999999995,-122.17769799999999,0,0,0,0000,0.0,0.0,0.0,0.0,0.0,0.0,0.0,0.0,0,0.0,0.0,0000,000000000000000000000000000000000000000000000000000000000000000000000000
27.01,101030.41,24.55,16,8,2024,2,18,9,47.615145,-122.177697,0,0,0,0000,0.0,0.0,0.0,0.0,0.0,0.0,0.0,0.0,0,0.0,0.0,0000,000000000000000000000000000000000000000000000000000000000000000000000000
27.03,101032.14,24.41,16,8,2024,2,18,10,47.615156,-122.177714,0,0,0,0000,0.0,0.0,0.0,0.0,0.0,0.0,0.0,0.0,0,0.0,0.0,0000,000000000000000000000000000000000000000000000000000000000000000000000000
27.04,101032.39,24.39,16,8,2024,2,18,11,47.615167,-122.177742,0,0,0,0000,0.0,0.0,0.0,0.0,0.0,0.0,0.0,0.0,0,0.0,0.0,0000,000000000000000000000000000000000000000000000000000000000000000000000000
27.05,101032.6,24.37,16,8,2024,2,18,11,47.615167,-122.177742,0,0,0,0000,0.0,0.0,0.0,0.0,0.0,0.0,0.0,0.0,0,0.0,0.0,0000,000000000000000000000000000000000000000000000000000000000000000000000000
27.07,101033.22,24.32,16,8,2024,2,18,11,47.615167,-122.177742,0,0,0,0000,0.0,0.0,0.0,0.0,0.0,0.0,0.0,0.0,0,0.0,0.0,0000,000000000000000000000000000000000000000000000000000000000000000000000000
27.08,101033.67,24.28,16,8,2024,2,18,13,47.615167,-122.177742,0,0,0,0000,0.0,0.0,0.0,0.0,0.0,0.0,0.0,0.0,0,0.0,0.0,0000,000000000000000000000000000000000000000000000000000000000000000000000000
27.08,101033.7,24.28,16,8,2024,2,18,14,47.615167,-122.177742,0,0,0,0000,0.0,0.0,0.0,0.0,0.0,0.0,0.0,0.0,0,0.0,0.0,0000,000000000000000000000000000000000000000000000000000000000000000000000000
27.09,101033.88,24.26,16,8,2024,2,18,15,47.615167,-122.177742,0,0,0,0000,0.0,0.0,0.0,0.0,0.0,0.0,0.0,0.0,0,0.0,0.0,0000,000000000000000000000000000000000000000000000000000000000000000000000000
27.05,101025.11,24.99,16,8,2024,2,18,16,47.615167,-122.177742,0,0,0,0000,0.0,0.0,0.0,0.0,0.0,0.0,0.0,0.0,0,0.0,0.0,0000,000000000000000000000000000000000000000000000000000000000000000000000000
27.01,101016.36,25.72,16,8,2024,2,18,17,47.614911,-122.178119,0,0,0,0000,0.0,0.0,0.0,0.0,0.0,0.0,0.0,0.0,0,0.0,0.0,0000,000000000000000000000000000000000000000000000000000000000000000000000000
26.98,101009.92,26.26,16,8,2024,2,18,18,47.614847999999995,-122.17790199999999,0,0,0,0000,0.0,0.0,0.0,0.0,0.0,0.0,0.0,0.0,0,0.0,0.0,0000,000000000000000000000000000000000000000000000000000000000000000000000000
26.95,101002.88,26.85,16,8,2024,2,18,20,47.614869,-122.17785699999999,0,0,0,0000,0.0,0.0,0.0,0.0,0.0,0.0,0.0,0.0,0,0.0,0.0,0000,000000000000000000000000000000000000000000000000000000000000000000000000
26.92,100996.7,27.36,16,8,2024,2,18,21,47.614898,-122.177848,0,0,0,0000,0.0,0.0,0.0,0.0,0.0,0.0,0.0,0.0,0,0.0,0.0,0000,000000000000000000000000000000000000000000000000000000000000000000000000
26.9,100992.83,27.69,16,8,2024,2,18,22,47.614929,-122.177854,0,0,0,0000,0.0,0.0,0.0,0.0,0.0,0.0,0.0,0.0,0,0.0,0.0,0000,000000000000000000000000000000000000000000000000000000000000000000000000
26.88,100988.08,28.08,16,8,2024,2,18,23,47.614951,-122.17782899999999,0,0,0,0000,0.0,0.0,0.0,0.0,0.0,0.0,0.0,0.0,0,0.0,0.0,0000,000000000000000000000000000000000000000000000000000000000000000000000000
26.93,100993.59,27.62,16,8,2024,2,18,24,47.614959999999996,-122.177855,0,0,0,0000,0.0,0.0,0.0,0.0,0.0,0.0,0.0,0.0,0,0.0,0.0,0000,000000000000000000000000000000000000000000000000000000000000000000000000
26.97,100998.88,27.18,16,8,2024,2,18,25,47.614968999999995,-122.177886,0,0,0,0000,0.0,0.0,0.0,0.0,0.0,0.0,0.0,0.0,0,0.0,0.0,0000,000000000000000000000000000000000000000000000000000000000000000000000000
27.0,101003.77,26.77,16,8,2024,2,18,26,47.614978,-122.17789599999999,0,0,0,0000,0.0,0.0,0.0,0.0,0.0,0.0,0.0,0.0,0,0.0,0.0,0000,000000000000000000000000000000000000000000000000000000000000000000000000
27.04,101007.61,26.45,16,8,2024,2,18,27,47.614988,-122.17791199999999,0,0,0,0000,0.0,0.0,0.0,0.0,0.0,0.0,0.0,0.0,0,0.0,0.0,0000,000000000000000000000000000000000000000000000000000000000000000000000000
27.06,101010.42,26.22,16,8,2024,2,18,28,47.615004,-122.177915,0,0,0,0000,0.0,0.0,0.0,0.0,0.0,0.0,0.0,0.0,0,0.0,0.0,0000,000000000000000000000000000000000000000000000000000000000000000000000000
27.09,101013.78,25.94,16,8,2024,2,18,29,47.615019,-122.177917,0,0,0,0000,0.0,0.0,0.0,0.0,0.0,0.0,0.0,0.0,0,0.0,0.0,0000,000000000000000000000000000000000000000000000000000000000000000000000000
27.1,101015.23,25.82,16,8,2024,2,18,30,47.615030999999995,-122.17791199999999,0,0,0,0000,0.0,0.0,0.0,0.0,0.0,0.0,0.0,0.0,0,0.0,0.0,0000,000000000000000000000000000000000000000000000000000000000000000000000000
27.13,101017.78,25.6,16,8,2024,2,18,31,47.615038999999996,-122.177911,0,0,0,0000,0.0,0.0,0.0,0.0,0.0,0.0,0.0,0.0,0,0.0,0.0,0000,000000000000000000000000000000000000000000000000000000000000000000000000
27.15,101020.1,25.41,16,8,2024,2,18,32,47.615051,-122.17791,0,0,0,0000,0.0,0.0,0.0,0.0,0.0,0.0,0.0,0.0,0,0.0,0.0,0000,000000000000000000000000000000000000000000000000000000000000000000000000
27.17,101022.16,25.24,16,8,2024,2,18,33,47.615061999999995,-122.177906,0,0,0,0000,0.0,0.0,0.0,0.0,0.0,0.0,0.0,0.0,0,0.0,0.0,0000,000000000000000000000000000000000000000000000000000000000000000000000000
27.15,101016.98,25.67,16,8,2024,2,18,34,47.615077,-122.177906,0,0,0,0000,0.0,0.0,0.0,0.0,0.0,0.0,0.0,0.0,0,0.0,0.0,0000,000000000000000000000000000000000000000000000000000000000000000000000000
27.13,101012.23,26.07,16,8,2024,2,18,35,47.615089,-122.177909,0,0,0,0000,0.0,0.0,0.0,0.0,0.0,0.0,0.0,0.0,0,0.0,0.0,0000,000000000000000000000000000000000000000000000000000000000000000000000000
27.11,101008.03,26.42,16,8,2024,2,18,36,47.615096,-122.177906,0,0,0,0000,0.0,0.0,0.0,0.0,0.0,0.0,0.0,0.0,0,0.0,0.0,0000,000000000000000000000000000000000000000000000000000000000000000000000000
27.1,101004.11,26.75,16,8,2024,2,18,37,47.615103,-122.17790699999999,0,0,0,0000,0.0,0.0,0.0,0.0,0.0,0.0,0.0,0.0,0,0.0,0.0,0000,000000000000000000000000000000000000000000000000000000000000000000000000
27.09,101000.33,27.06,16,8,2024,2,18,38,47.615108,-122.17790199999999,0,0,0,0000,0.0,0.0,0.0,0.0,0.0,0.0,0.0,0.0,0,0.0,0.0,0000,000000000000000000000000000000000000000000000000000000000000000000000000
27.12,101004.92,26.68,16,8,2024,2,18,39,47.615114999999996,-122.177893,0,0,0,0000,0.0,0.0,0.0,0.0,0.0,0.0,0.0,0.0,0,0.0,0.0,0000,000000000000000000000000000000000000000000000000000000000000000000000000
27.15,101008.94,26.34,16,8,2024,2,18,40,47.615119,-122.177889,0,0,0,0000,0.0,0.0,0.0,0.0,0.0,0.0,0.0,0.0,0,0.0,0.0,0000,000000000000000000000000000000000000000000000000000000000000000000000000
27.18,101012.42,26.05,16,8,2024,2,18,41,47.615126,-122.177888,0,0,0,0000,0.0,0.0,0.0,0.0,0.0,0.0,0.0,0.0,0,0.0,0.0,0000,000000000000000000000000000000000000000000000000000000000000000000000000
27.2,101015.34,25.81,16,8,2024,2,18,42,47.61513,-122.177886,0,0,0,0000,0.0,0.0,0.0,0.0,0.0,0.0,0.0,0.0,0,0.0,0.0,0000,000000000000000000000000000000000000000000000000000000000000000000000000
27.23,101018.22,25.57,16,8,2024,2,18,43,47.615133,-122.17788499999999,89,0,0,0079,0.0,0.0,0.0,0.0,0.0,6538.9,0.0,0.0,0,0.0,0.0,C365,59000000000079000000000000000000000000FF6D00000000000000000000000000C365
27.25,101020.88,25.35,16,8,2024,2,18,44,47.615137,-122.177888,89,1,0,0079,0.0,0.0,0.0,0.0,0.0,6541.1,0.0,0.0,0,0.0,0.0,96B4,59000100000079000000000000000000000000FF830000000000000000000000000096B4
27.27,101023.36,25.14,16,8,2024,2,18,45,47.615142,-122.177894,89,2,0,0079,0.0,0.0,0.0,0.0,0.0,6545.0,0.0,0.0,0,0.0,0.0,54A0,59000200000079000000000000000000000000FFAA0000000000000000000000000054A0
27.28,101024.38,25.05,16,8,2024,2,18,46,47.615148999999995,-122.177889,89,3,0,0079,0.0,0.0,0.0,0.0,0.0,6546.3,0.0,0.0,0,0.0,0.0,9652,59000300000079000000000000000000000000FFB7000000000000000000000000009652
27.3,101025.84,24.93,16,8,2024,2,18,47,47.615156999999996,-122.177887,89,4,0,0079,0.0,0.0,0.0,0.0,0.0,6545.9,0.0,0.0,0,0.0,0.0,B83E,59000400000079000000000000000000000000FFB300000000000000000000000000B83E
27.32,101027.12,24.83,16,8,2024,2,18,48,47.615156999999996,-122.17787999999999,89,5,0,0079,0.0,0.0,0.0,0.0,0.0,6547.1,0.0,0.0,0,0.0,0.0,28DA,59000500000079000000000000000000000000FFBF0000000000000000000000000028DA
27.3,101022.2,25.24,16,8,2024,2,18,49,47.615154,-122.177882,89,6,0,0079,0.0,0.0,0.0,0.0,0.0,6544.9,0.0,0.0,0,0.0,0.0,7386,59000600000079000000000000000000000000FFA9000000000000000000000000007386
27.27,101015.37,25.81,16,8,2024,2,18,50,47.615156,-122.17788499999999,89,7,0,0079,0.0,0.0,0.0,0.0,0.0,6548.8,0.0,0.0,0,0.0,0.0,68E8,59000700000079000000000000000000000000FFD00000000000000000000000000068E8
27.25,101010.29,26.23,16,8,2024,2,18,51,47.615154999999994,-122.177887,89,8,0,0079,0.0,0.0,0.0,0.0,0.0,6550.0,0.0,0.0,0,0.0,0.0,70B0,59000800000079000000000000000000000000FFDC0000000000000000000000000070B0
27.24,101008.08,26.41,16,8,2024,2,18,52,47.615154999999994,-122.177889,89,9,0,0079,0.0,0.0,0.0,0.0,0.0,6548.8,0.0,0.0,0,0.0,0.0,9F00,59000900000079000000000000000000000000FFD0000000000000000000000000009F00
27.23,101004.43,26.72,16,8,2024,2,18,52,47.615154999999994,-122.177889,89,10,1,0079,-0.7000000000000001,0.30000000000000004,-0.7000000000000001,0.30000000000000004,0.1,6543.9,0.0,0.0,0,0.0,0.0,F79F,59000A00010079FFFF900003FFFF9000030001FF9F00000000000000000000000000F79F
27.26,101008.45,26.38,16,8,2024,2,18,52,47.615154999999994,-122.177889,89,11,2,0079,-1.7000000000000002,0.1,-1.7000000000000002,0.1,-0.2,6546.0,0.0,0.0,0,0.0,0.0,C73D,59000B00020079FFFEF00001FFFEF00001FFFEFFB400000000000000000000000000C73D
27.29,101012.03,26.08,16,8,2024,2,18,55,47.615154999999994,-122.177889,89,12,2,0079,-1.7000000000000002,0.1,-1.7000000000000002,0.1,-0.2,6549.1,0.0,0.0,0,0.0,0.0,658B,59000C00020079FFFEF00001FFFEF00001FFFEFFD300000000000000000000000000658B
27.32,101015.61,25.79,16,8,2024,2,18,56,47.615154999999994,-122.177889,89,13,3,0079,-1.9000000000000001,-0.8,-1.9000000000000001,-0.8,-0.4,6549.4,0.0,0.0,0,0.0,0.0,562E,59000D00030079FFFEDFFFF8FFFEDFFFF8FFFCFFD600000000000000000000000000562E
27.35,101018.7,25.53,16,8,2024,2,18,57,47.615154999999994,-122.177889,89,14,4,0079,-1.7000000000000002,-1.9000000000000001,-1.7000000000000002,-1.9000000000000001,-0.2,6553.4,0.0,0.0,0,0.0,0.0,41EB,59000E00040079FFFEFFFFEDFFFEFFFFEDFFFEFFFE0000000000000000000000000041EB
27.37,101021.58,25.29,16,8,2024,2,18,58,47.615154999999994,-122.177889,89,15,6,0079,-1.3,-2.6,-1.3,-2.6,-0.6000000000000001,6539.8,0.0,0.0,0,0.0,0.0,BA3C,59000F00060079FFFF3FFFE6FFFF3FFFE6FFFAFF7600000000000000000000000000BA3C
27.39,101023.8,25.1,16,8,2024,2,18,59,47.615154999999994,-122.177889,89,16,6,0079,-1.3,-2.6,-1.3,-2.6,-0.6000000000000001,6540.1,0.0,0.0,0,0.0,0.0,02C3,59001000060079FFFF3FFFE6FFFF3FFFE6FFFAFF790000000000000000000000000002C3
27.41,101025.69,24.94,16,8,2024,2,19,0,47.615154999999994,-122.177889,89,17,8,0079,-1.6,-2.2,-1.6,-2.2,-0.8,6537.9,0.0,0.0,0,0.0,0.0,28AD,59001100080079FFFF0FFFEAFFFF0FFFEAFFF8FF630000000000000000000000000028AD
27.42,101026.7,24.86,16,8,2024,2,19,1,47.615154999999994,-122.177889,89,18,9,0079,-1.6,-0.8,-1.6,-0.8,-0.4,6541.6,0.0,0.0,0,0.0,0.0,1253,59001200090079FFFF0FFFF8FFFF0FFFF8FFFCFF88000000000000000000000000001253
27.44,101027.76,24.77,16,8,2024,2,19,2,47.615252999999996,-122.177993,89,19,10,0079,-2.5,0.0,-2.5,0.0,-0.7000000000000001,6540.2,0.0,0.0,0,0.0,0.0,057A,590013000A0079FFFE700000FFFE700000FFF9FF7A00000000000000000000000000057A
27.45,101029.21,24.65,16,8,2024,2,19,2,47.615252999999996,-122.177993,89,20,11,0079,-3.7,0.1,-3.7,0.1,-1.1,6542.4,0.0,0.0,0,0.0,0.0,570F,590014000B0079FFFDB00001FFFDB00001FFF5FF9000000000000000000000000000570F
27.37,101013.94,25.93,16,8,2024,2,19,4,47.615269,-122.17797499999999,89,21,12,0079,-4.4,-0.6000000000000001,-4.4,-0.6000000000000001,-1.0,6538.5,0.0,0.0,0,0.0,0.0,11BF,590015000C0079FFFD4FFFFAFFFD4FFFFAFFF6FF690000000000000000000000000011BF
27.38,101013.46,25.97,16,8,2024,2,19,5,47.615255999999995,-122.178007,89,22,13,0079,-4.4,-1.7000000000000002,-4.4,-1.7000000000000002,-1.3,6537.8,0.0,0.0,0,0.0,0.0,D6FF,590016000D0079FFFD4FFFEFFFFD4FFFEFFFF3FF6200000000000000000000000000D6FF
27.26,100992.56,27.71,16,8,2024,2,19,6,47.615221,-122.178063,89,23,14,0079,-4.4,-1.7000000000000002,-4.4,-1.7000000000000002,-1.3,6538.2,0.0,0.0,0,0.0,0.0,35C5,590017000E0079FFFD4FFFEFFFFD4FFFEFFFF3FF660000000000000000000000000035C5
27.21,100982.39,28.56,16,8,2024,2,19,7,47.615232999999996,-122.178079,89,24,17,0079,-4.4,-2.5,-4.4,-2.5,-1.4000000000000001,6536.0,0.0,0.0,0,0.0,0.0,AF35,59001800110079FFFD4FFFE7FFFD4FFFE7FFF2FF5000000000000000000000000000AF35
27.22,100981.88,28.6,16,8,2024,2,19,8,47.61524,-122.178091,89,25,17,0079,-4.4,-2.5,-4.4,-2.5,-1.4000000000000001,6536.3,0.0,0.0,0,0.0,0.0,8363,59001900110079FFFD4FFFE7FFFD4FFFE7FFF2FF53000000000000000000000000008363
27.21,100979.44,28.81,16,8,2024,2,19,9,47.615241999999995,-122.17809799999999,89,26,17,0079,-4.4,-2.5,-4.4,-2.5,-1.4000000000000001,6540.9,0.0,0.0,0,0.0,0.0,7BAD,59001A00110079FFFD4FFFE7FFFD4FFFE7FFF2FF81000000000000000000000000007BAD
27.19,100975.12,29.17,16,8,2024,2,19,10,47.615244999999994,-122.178106,89,27,17,0079,-4.4,-2.5,-4.4,-2.5,-1.4000000000000001,6544.7,0.0,0.0,0,0.0,0.0,2FC7,59001B00110079FFFD4FFFE7FFFD4FFFE7FFF2FFA7000000000000000000000000002FC7
27.25,100983.38,28.48,16,8,2024,2,19,11,47.615247,-122.17809899999999,89,28,18,0079,-4.3,-2.2,-4.3,-2.2,-1.4000000000000001,6542.4,0.0,0.0,0,0.0,0.0,44F3,59001C00120079FFFD5FFFEAFFFD5FFFEAFFF2FF900000000000000000000000000044F3
27.3,100990.08,27.92,16,8,2024,2,19,12,47.615249999999996,-122.17809799999999,89,29,19,0079,-4.5,-1.5,-4.4,-1.8,-1.2000000000000002,6542.7,0.0,0.0,0,0.0562744140625,0.0,3A04,59001D00130079FFFD3FFFF1FFFD4FFFEEFFF4FF9300000000000000000001CD00003A04
27.34,100996.3,27.4,16,8,2024,2,19,13,47.615257,-122.178101,89,30,20,0079,-4.5,-1.5,-4.4,-1.8,-1.2000000000000002,6542.1,0.0,0.0,0,0.0562744140625,0.0,EE41,59001E00140079FFFD3FFFF1FFFD4FFFEEFFF4FF8D00000000000000000001CD0000EE41
27.38,101001.86,26.93,16,8,2024,2,19,14,47.615257,-122.178107,89,31,21,0079,-4.7,-0.30000000000000004,-4.7,-0.6000000000000001,-1.5,6546.7,0.0,0.0,0,0.0562744140625,0.0,2DF7,59001F00150079FFFD1FFFFDFFFD1FFFFAFFF1FFBB00000000000000000001CD00002DF7
27.41,101006.6,26.54,16,8,2024,2,19,15,47.615271,-122.17808699999999,89,32,22,0079,-3.6,0.4,-3.6,0.2,-1.6,6543.5,0.0,0.0,0,0.0562744140625,0.0,B270,59002000160079FFFDC00004FFFDC00002FFF0FF9B00000000000000000001CD0000B270
27.44,101010.69,26.2,16,8,2024,2,19,16,47.615280999999996,-122.17808099999999,89,33,23,0079,-2.4000000000000004,0.30000000000000004,-2.4000000000000004,0.2,-1.4000000000000001,6539.4,0.0,0.0,0,0.0562744140625,0.0,E1CB,59002100170079FFFE800003FFFE800002FFF2FF7200000000000000000001CD0000E1CB
27.46,101014.44,25.88,16,8,2024,2,19,16,47.615280999999996,-122.17808099999999,89,34,26,0079,-1.2000000000000002,0.2,-1.2000000000000002,0.2,-1.7000000000000002,6537.1,0.0,0.0,0,0.0562744140625,0.0,029C,590022001A0079FFFF400002FFFF400002FFEFFF5B00000000000000000001CD0000029C
27.49,101016.06,25.75,16,8,2024,2,19,17,47.615280999999996,-122.17808099999999,89,35,27,0079,-0.7000000000000001,0.30000000000000004,-0.7000000000000001,0.2,-1.8,6535.7,0.0,0.0,0,0.0562744140625,0.0,4A94,590023001B0079FFFF900003FFFF900002FFEEFF4D00000000000000000001CD00004A94
182.3,167709.13,561.91,255,15,4095,16,135,232,34.80397,-695.3897039999999,183,46559,22784,2400,11059.900000000001,-39321.700000000004,-45875.200000000004,26214.300000000003,-2867.2000000000003,76.7,-3.9517971654472806e+28,0.0,0,0.0,1.9073486328125e-06,CD00,b7b5df590024001B0079FFFF900003FFFF900002FFEEFF6100000000000000000001CD0000FB50
27.48,101014.11,25.91,16,8,2024,2,19,17,47.615280999999996,-122.17808099999999,89,37,27,0079,-0.7000000000000001,0.30000000000000004,-0.7000000000000001,0.2,-1.8,6539.7,0.0,0.0,0,0.0562744140625,0.0,99A0,590025001B0079FFFF900003FFFF900002FFEEFF7500000000000000000001CD000099A000FB50
27.47,101010.81,26.19,16,8,2024,2,19,17,47.615280999999996,-122.17808099999999,89,38,28,0079,-1.2000000000000002,0.5,-1.2000000000000002,0.4,-2.0,6538.3,0.0,0.0,0,0.0562744140625,0.0,21AE,590026001C0079FFFF400005FFFF400004FFECFF6700000000000000000001CD000021AE00FB50
27.42,101001.91,26.93,16,8,2024,2,19,21,47.615280999999996,-122.17808099999999,89,39,29,0079,-1.6,1.6,-1.7000000000000002,1.5,-2.3000000000000003,6538.5,0.0,0.0,0,0.0562744140625,0.0,6C3E,590027001D0079FFFF000010FFFEF0000FFFE9FF6900000000000000000001CD00006C3E
27.34,100987.39,28.14,16,8,2024,2,19,22,47.615280999999996,-122.17808099999999,89,40,30,0079,-2.0,2.5,-2.2,2.4000000000000004,-2.6,6541.3,0.0,0.0,0,0.0562744140625,0.0,4DA9,590028001E0079FFFEC00019FFFEA00018FFE6FF8500000000000000000001CD00004DA9
27.3,100981.36,28.64,16,8,2024,2,19,23,47.615280999999996,-122.17808099999999,89,41,30,0079,-2.0,2.5,-2.2,2.4000000000000004,-2.6,6541.5,0.0,0.0,0,0.0562744140625,0.0,7499,590029001E0079FFFEC00019FFFEA00018FFE6FF8700000000000000000001CD00007499
27.35,100989.19,27.99,16,8,2024,2,19,24,47.615280999999996,-122.17808099999999,89,42,31,0079,-2.8000000000000003,2.6,-2.9000000000000004,2.4000000000000004,-2.9000000000000004,6542.7,0.0,0.0,0,0.0562744140625,0.0,33F6,59002A001F0079FFFE40001AFFFE300018FFE3FF9300000000000000000001CD000033F6
27.35,100988.92,28.01,16,8,2024,2,19,24,47.615280999999996,-122.17808099999999,89,43,32,0079,-3.6,2.8000000000000003,-3.7,2.6,-3.0,6542.9,0.0,0.0,0,0.0562744140625,0.0,5CAF,59002B00200079FFFDC0001CFFFDB0001AFFE2FF9500000000000000000001CD00005CAF
27.38,100995.52,27.46,16,8,2024,2,19,24,47.615280999999996,-122.17808099999999,89,44,32,0079,-3.6,2.8000000000000003,-3.7,2.6,-3.0,6540.6,0.0,0.0,0,0.0562744140625,0.0,634C,59002C00200079FFFDC0001CFFFDB0001AFFE2FF7E00000000000000000001CD0000634C
27.41,101001.8,26.94,16,8,2024,2,19,27,47.615280999999996,-122.17808099999999,89,45,33,0079,-3.2,2.9000000000000004,-3.4000000000000004,2.7,-2.8000000000000003,6542.5,0.0,0.0,0,0.0562744140625,0.0,2A10,59002D00210079FFFE00001DFFFDE0001BFFE4FF9100000000000000000001CD00002A10
27.42,101007.12,26.49,16,8,2024,2,19,28,47.615280999999996,-122.17808099999999,89,46,34,0079,-2.5,2.8000000000000003,-2.7,2.7,-2.9000000000000004,6544.5,0.0,0.0,0,0.0562744140625,0.0,CB06,59002E00220079FFFE70001CFFFE50001BFFE3FFA500000000000000000001CD0000CB06
182.3,167709.13,561.91,255,15,4095,16,135,232,34.806785999999995,-695.3897039999999,183,46559,22784,2F00,14336.7,-39321.8,-26214.300000000003,-6553.8,-2457.6000000000004,767.9,-3.769303921086395e+22,0.0,0,0.0,1.9073486328125e-06,CD00,b7b5df59002F00230079FFFEC0001EFFFEA0001DFFE4FF6B00000000000000000001CD000076A6
27.41,101015.09,25.83,16,8,2024,2,19,28,47.615280999999996,-122.17808099999999,89,48,36,0079,-1.9000000000000001,3.3000000000000003,-2.1,3.2,-2.8000000000000003,6538.0,0.0,0.0,0,0.0562744140625,0.0,6B3E,59003000240079FFFED00021FFFEB00020FFE4FF6400000000000000000001CD00006B3E0076A6
27.39,101018.36,25.56,16,8,2024,2,19,31,47.615280999999996,-122.17808099999999,89,49,36,0079,-1.9000000000000001,3.3000000000000003,-2.1,3.2,-2.8000000000000003,6537.3,0.0,0.0,0,0.0562744140625,0.0,D698,59003100240079FFFED00021FFFEB00020FFE4FF5D00000000000000000001CD0000D698
27.36,101022.33,25.23,16,8,2024,2,19,32,47.615280999999996,-122.17808099999999,89,50,36,0079,-1.9000000000000001,3.3000000000000003,-2.1,3.2,-2.8000000000000003,6537.6,0.0,0.0,0,0.0562744140625,0.0,195E,59003200240079FFFED00021FFFEB00020FFE4FF6000000000000000000001CD0000195E
27.35,101023.58,25.12,16,8,2024,2,19,33,47.615280999999996,-122.17808099999999,89,51,37,0079,-3.4000000000000004,4.3,-3.6,4.1000000000000005,-3.2,6541.2,0.0,0.0,0,0.0562744140625,0.0,C530,59003300250079FFFDE0002BFFFDC00029FFE0FF8400000000000000000001CD0000C530
27.31,101026.27,24.9,16,8,2024,2,19,34,47.615280999999996,-122.17808099999999,89,52,38,0079,-3.2,4.5,-3.4000000000000004,4.3,-3.6,6541.5,0.0,0.0,0,0.0562744140625,0.0,4126,59003400260079FFFE00002DFFFDE0002BFFDCFF8700000000000000000001CD00004126
27.26,101028.56,24.7,16,8,2024,2,19,34,47.615280999999996,-122.17808099999999,89,53,38,0079,-3.2,4.5,-3.4000000000000004,4.3,-3.6,6543.5,0.0,0.0,0,0.0562744140625,0.0,F556,59003500260079FFFE00002DFFFDE0002BFFDCFF9B00000000000000000001CD0000F556
27.19,101026.16,24.91,16,8,2024,2,19,37,47.615280999999996,-122.17808099999999,89,54,38,0079,-3.2,4.5,-3.4000000000000004,4.3,-3.6,6542.8,0.0,0.0,0,0.0562744140625,0.0,7DE0,59003600260079FFFE00002DFFFDE0002BFFDCFF9400000000000000000001CD00007DE0
27.14,101028.09,24.74,16,8,2024,2,19,38,47.615280999999996,-122.17808099999999,89,55,39,0079,-1.9000000000000001,6.2,-2.4000000000000004,6.0,-3.7,6541.2,0.0,0.0,0,0.0909423828125,0.0,1C0B,59003700270079FFFED0003EFFFE80003CFFDBFF8400000000000000000002E900001C0B
27.08,101027.72,24.78,16,8,2024,2,19,38,47.615280999999996,-122.17808099999999,89,56,40,0079,-0.5,6.4,-1.1,6.300000000000001,-4.0,6543.1,0.0,0.0,0,0.0909423828125,0.0,32DB,59003800280079FFFFB00040FFFF50003FFFD8FF9700000000000000000002E9000032DB
27.0,101026.7,24.86,16,8,2024,2,19,40,47.615280999999996,-122.17808099999999,89,57,42,0079,0.0,5.4,-0.4,5.4,-3.9000000000000004,6544.2,0.0,0.0,0,0.0909423828125,0.0,A640,590039002A00790000000036FFFFC00036FFD9FFA200000000000000000002E90000A640
26.94,101027.73,24.77,16,8,2024,2,19,41,47.615280999999996,-122.17808099999999,89,58,43,0079,0.0,5.4,-0.4,5.4,-3.9000000000000004,6544.4,0.0,0.0,0,0.0909423828125,0.0,7690,59003A002B00790000000036FFFFC00036FFD9FFA400000000000000000002E900007690
26.87,101028.22,24.73,16,8,2024,2,19,41,47.615280999999996,-122.17808099999999,89,59,44,0079,-0.4,6.1000000000000005,-1.0,6.0,-4.0,6544.5,0.0,0.0,0,0.0909423828125,0.0,242C,59003B002C0079FFFFC0003DFFFF60003CFFD8FFA500000000000000000002E90000242C
26.81,101030.22,24.57,16,8,2024,2,19,41,47.615280999999996,-122.17808099999999,89,60,45,0079,-1.6,6.1000000000000005,-2.1,6.0,-4.2,6546.5,0.0,0.0,0,0.0909423828125,0.0,1861,59003C002D0079FFFF00003DFFFEB0003CFFD6FFB900000000000000000002E900001861
26.75,101031.95,24.42,16,8,2024,2,19,41,47.615280999999996,-122.17808099999999,89,61,46,0079,-2.7,6.4,-3.2,6.2,-4.800000000000001,6541.5,0.0,0.0,0,0.0909423828125,0.0,9E08,59003D002E0079FFFE500040FFFE00003EFFD0FF8700000000000000000002E900009E08
26.69,101033.25,24.31,16,8,2024,2,19,44,47.615280999999996,-122.17808099999999,89,62,47,0079,-3.6,6.7,-4.2,6.4,-4.800000000000001,6546.9,0.0,0.0,0,0.0909423828125,0.0,8DA6,59003E002F0079FFFDC00043FFFD600040FFD0FFBD00000000000000000002E900008DA6
26.62,101034.39,24.22,16,8,2024,2,19,44,47.615280999999996,-122.17808099999999,89,63,48,0079,-3.6,6.7,-4.2,6.4,-4.800000000000001,6547.1,0.0,0.0,0,0.0909423828125,0.0,2892,59003F00300079FFFDC00043FFFD600040FFD0FFBF00000000000000000002E900002892
26.55,101034.88,24.18,16,8,2024,2,19,44,47.615280999999996,-122.17808099999999,89,64,49,0079,-3.0,6.9,-3.6,6.6000000000000005,-5.0,6545.5,0.0,0.0,0,0.0909423828125,0.0,DC2B,59004000310079FFFE200045FFFDC00042FFCEFFAF00000000000000000002E90000DC2B
26.48,101035.41,24.13,16,8,2024,2,19,44,47.615280999999996,-122.17808099999999,89,65,51,0079,-2.0,6.1000000000000005,-2.5,5.800000000000001,-5.0,6538.8,0.0,0.0,0,0.0909423828125,0.0,CA1A,59004100330079FFFEC0003DFFFE70003AFFCEFF6C00000000000000000002E90000CA1A
26.41,101035.41,24.13,16,8,2024,2,19,44,47.615280999999996,-122.17808099999999,89,66,51,0079,-2.0,6.1000000000000005,-2.5,5.800000000000001,-5.0,6533.7,0.0,0.0,0,0.0909423828125,0.0,0AC0,59004200330079FFFEC0003DFFFE70003AFFCEFF3900000000000000000002E900000AC0
26.38,101035.92,24.09,16,8,2024,2,19,44,47.615280999999996,-122.17808099999999,89,67,52,0079,-2.3000000000000003,4.7,-2.7,4.5,-5.0,6535.6,0.0,0.0,0,0.0909423828125,0.0,C2DE,59004300340079FFFE90002FFFFE50002DFFCEFF4C00000000000000000002E90000C2DE
182.3,167709.13,561.91,255,15,4095,16,135,232,34.810882,-695.3897039999999,183,46559,22784,4400,22119.100000000002,-39321.9,-19660.600000000002,-32768.3,-2867.2000000000003,1023.9,-2091456.0,0.0,0,0.0,3.814697265625e-06,E900,b7b5df59004400360079FFFDD0002AFFFD900027FFC9FF4E00000000000000000002E900006F48
26.23,167709.89,510.71,255,15,4095,16,135,232,34.810882,-695.3897039999999,183,46559,22784,4500,23347.9,-39321.9,32768.200000000004,-39321.9,409.6,972.7,-130736.0,0.0,0,0.0,3.814697265625e-06,E900,b7b5df59004500390079FFFD500029FFFD100025FFC7FF5800000000000000000002E90000338F
26.15,101031.73,24.44,16,8,2024,2,19,44,47.615280999999996,-122.17808099999999,89,70,58,0079,-3.3000000000000003,4.4,-3.7,4.1000000000000005,-6.0,6535.2,0.0,0.0,0,0.0909423828125,0.0,A109,590046003A0079FFFDF0002CFFFDB00029FFC4FF4800000000000000000002E90000A10900338F
182.3,167709.13,561.91,255,15,4095,16,135,232,34.810882,-695.3897039999999,183,46559,22784,4700,24167.100000000002,-39321.8,6553.8,-6553.900000000001,-2048.0,1075.1,-2042.03125,0.0,0,0.0,7.62939453125e-06,7100,b7b5df590047003B0079FFFE10002EFFFDB00029FFC4FF4100000000000000000004710000F9CA
182.3,167709.13,561.91,255,15,4095,16,135,232,34.810882,-695.3897039999999,183,46559,22784,4800,24576.7,-39321.8,-26214.2,-26214.600000000002,2457.6000000000004,1049.5,-7.9747314453125,0.0,0,0.0,7.62939453125e-06,7100,b7b5df590048003C0079FFFEC0002BFFFE600028FFC0FF31000000000000000000047100009486
182.3,167709.13,561.91,255,15,4095,16,135,232,34.810882,-695.3897039999999,183,46559,22784,4900,24576.7,-39321.8,-26214.2,-26214.600000000002,2457.6000000000004,1049.5,-7.9781494140625,0.0,0,0.0,7.62939453125e-06,7100,b7b5df590049003C0079FFFEC0002BFFFE600028FFC0FF4D00000000000000000004710000FB8E
182.3,167709.13,561.91,255,15,4095,16,135,232,34.810882,-695.3897039999999,183,46559,22784,4A00,24576.7,-39321.8,-26214.2,-26214.600000000002,2457.6000000000004,1049.5,-7.98046875,0.0,0,0.0,7.62939453125e-06,7100,b7b5df59004A003C0079FFFEC0002BFFFE600028FFC0FF6000000000000000000004710000749F
182.3,167709.13,561.91,255,15,4095,16,135,232,34.810882,-695.3897039999999,183,46559,22784,4B00,25805.5,-39321.700000000004,13107.300000000001,-26214.600000000002,-819.2,665.5,-2092928.0,0.0,0,0.0,7.62939453125e-06,7100,b7b5df59004B003F0079FFFF20001BFFFEE00019FFC9FF7C00000000000000000004710000895D
182.3,167709.13,561.91,255,15,4095,16,135,232,34.810882,-695.3897039999999,183,46559,22784,4C00,25805.5,-39321.700000000004,13107.300000000001,-26214.600000000002,-819.2,665.5,-2092960.0,0.0,0,0.0,7.62939453125e-06,7100,b7b5df59004C003F0079FFFF20001BFFFEE00019FFC9FF7D00000000000000000004710000F093
182.3,167709.13,561.91,255,15,4095,16,135,232,34.810882,-695.3897039999999,183,46559,22784,4D00,26215.100000000002,-39321.700000000004,0.1,45875.0,-1228.8000000000002,537.5,-522768.0,0.0,0,0.0,7.62939453125e-06,7100,b7b5df59004D00400079FFFF000016FFFED00014FFC8FF42000000000000000000047100004661
182.3,167709.13,561.91,255,15,4095,16,135,232,34.810882,-695.3897039999999,183,46559,22784,4E00,26624.7,-39321.700000000004,32768.0,-26214.5,1228.8000000000002,255.9,-522920.0,0.0,0,0.0,7.62939453125e-06,7100,b7b5df59004E00410079FFFF50000BFFFF300009FFC8FF55000000000000000000047100006EB2
182.3,167709.13,561.91,255,15,4095,16,135,232,34.810882,-695.3897039999999,183,46559,22784,4F00,27034.300000000003,-39321.700000000004,-32768.0,26214.300000000003,-2048.0,102.3,-2090304.0,0.0,0,0.0,7.62939453125e-06,7100,b7b5df59004F00420079FFFFB00003FFFFB00003FFC9FF2A00000000000000000004710000BC77
182.3,167709.13,561.91,255,15,4095,16,135,232,34.810882,-695.3897039999999,183,46559,22784,5000,27853.5,-45875.200000000004,26214.300000000003,-6553.6,1228.8000000000002,25.5,-32662.0,0.0,0,0.0,7.62939453125e-06,7100,b7b5df5900500044007900003FFFFF0000300000FFC6FF2C000000000000000000047100005809
182.3,167709.13,561.91,255,15,4095,16,135,232,34.810882,-695.3897039999999,183,46559,22784,5100,29082.300000000003,-45875.200000000004,26214.300000000003,-6553.6,1228.8000000000002,25.5,-32671.5,0.0,0,0.0,7.62939453125e-06,7100,b7b5df5900510047007900003FFFFF0000300000FFC6FF3F00000000000000000004710000D05C
182.3,167709.13,561.91,255,15,4095,16,135,232,34.810882,-695.3897039999999,183,46559,22784,5200,29082.300000000003,-45875.200000000004,26214.300000000003,-6553.6,1228.8000000000002,25.5,-32676.5,0.0,0,0.0,7.62939453125e-06,7100,b7b5df5900520047007900003FFFFF0000300000FFC6FF49000000000000000000047100001950
182.3,167709.13,561.91,255,15,4095,16,135,232,34.810882,-695.3897039999999,183,46559,22784,5300,29082.300000000003,-45875.200000000004,26214.300000000003,-6553.6,1228.8000000000002,25.5,-32681.5,0.0,0,0.0,7.62939453125e-06,7100,b7b5df5900530047007900003FFFFF0000300000FFC6FF5300000000000000000004710000AFC4
182.3,167709.13,561.91,255,15,4095,16,135,232,34.810882,-695.3897039999999,183,46559,22784,5400,29082.300000000003,-45875.200000000004,26214.300000000003,-6553.6,1228.8000000000002,25.5,-32673.5,0.0,0,0.0,7.62939453125e-06,7100,b7b5df5900540047007900003FFFFF0000300000FFC6FF4300000000000000000004710000F0A4
182.3,167709.13,561.91,255,15,4095,16,135,232,34.810882,-695.3897039999999,183,46559,22784,5500,29082.300000000003,-45875.200000000004,26214.300000000003,-6553.6,1228.8000000000002,25.5,-32683.0,0.0,0,0.0,7.62939453125e-06,7100,b7b5df5900550047007900003FFFFF0000300000FFC6FF56000000000000000000047100008732
182.3,167709.13,561.91,255,15,4095,16,135,232,34.810882,-695.3897039999999,183,46559,22784,5600,29082.300000000003,-45875.200000000004,26214.300000000003,-6553.6,1228.8000000000002,25.5,-32683.0,0.0,0,0.0,7.62939453125e-06,7100,b7b5df5900560047007900003FFFFF0000300000FFC6FF5600000000000000000004710000B336
182.3,167709.13,561.91,255,15,4095,16,135,232,34.810882,-695.3897039999999,183,46559,22784,5700,29082.300000000003,-45875.200000000004,26214.300000000003,-6553.6,1228.8000000000002,25.5,-32692.5,0.0,0,0.0,7.62939453125e-06,7100,b7b5df5900570047007900003FFFFF0000300000FFC6FF69000000000000000000047100000C74
182.3,167709.13,561.91,255,15,4095,16,135,232,34.810882,-695.3897039999999,183,46559,22784,5800,29082.300000000003,-45875.200000000004,26214.300000000003,-6553.6,1228.8000000000002,25.5,-32680.0,0.0,0,0.0,7.62939453125e-06,7100,b7b5df5900580047007900003FFFFF0000300000FFC6FF50000000000000000000047100003B8A
182.3,167709.13,561.91,255,15,4095,16,135,232,34.810882,-695.3897039999999,183,46559,22784,5900,29082.300000000003,-45875.200000000004,26214.300000000003,-6553.6,1228.8000000000002,25.5,-32667.5,0.0,0,0.0,7.62939453125e-06,7100,b7b5df5900590047007900003FFFFF0000300000FFC6FF3700000000000000000004710000993C
182.3,167709.13,561.91,255,15,4095,16,135,232,34.810882,-695.3897039999999,183,46559,22784,5A00,29082.300000000003,-45875.200000000004,26214.300000000003,-6553.6,1228.8000000000002,25.5,-32668.5,0.0,0,0.0,7.62939453125e-06,7100,b7b5df59005A0047007900003FFFFF0000300000FFC6FF39000000000000000000047100001D1F
182.3,167709.13,561.91,255,15,4095,16,135,232,34.810882,-695.3897039999999,183,46559,22784,5B00,29082.300000000003,-45875.200000000004,26214.300000000003,-6553.6,1228.8000000000002,25.5,-32669.0,0.0,0,0.0,7.62939453125e-06,7100,b7b5df59005B0047007900003FFFFF0000300000FFC6FF3A0000000000000000000471000041CD
182.3,167709.13,561.91,255,15,4095,16,135,232,34.810882,-695.3897039999999,183,46559,22784,5C00,29082.300000000003,-45875.200000000004,26214.300000000003,-6553.6,1228.8000000000002,25.5,-32674.0,0.0,0,0.0,7.62939453125e-06,7100,b7b5df59005C0047007900003FFFFF0000300000FFC6FF44000000000000000000047100002EC5
